name,style,prompt,category,target_paths,source_pages,evidence
breach-and-clear,"Semi-abstract class/subclass/ICE feature icon; depict the mechanic as a clear pictorial symbol or moment, not UI text. Use cyberpunk circuitry, biomechanical detail, Resonance energy, kinetic motion, or occult geometry as appropriate.","Generate the Cybermancy icon for 'Breach and Clear'. Subject: visualize a tactical forced-entry assault feature with a violent doorway breach, shattered door panel or bulkhead, muzzle-flash or breaching charge impact, and a fast advancing operator silhouette pushing into the opening. Emphasize sudden entry, aggressive forward motion, target acquisition, and close-quarters combat. Relevant mechanical/visual cues: forced entry, tactical assault, movement, close-range engagement, spotlight, primary-target focus. Square Cybermancy tabletop RPG icon, centered composition, clean silhouette, no text, no labels, no border or frame, light grey background, readable at 64–128 px, high-fidelity semi-realistic materials, subtle vignette, restrained warm and cool accent lighting. Prioritize one immediately legible focal idea, believable materials, strong negative space, and a silhouette that remains clear when reduced. Do not include words, letters, numbers, logos, watermarks, HUD text, stat blocks, decorative borders, or multiple-panel layouts.",features,docs/player-facing/assets/icons/features/breach-and-clear.webp,docs/player-facing/system/features/breach-and-clear/index.md,inventory/title/category + inferred feature intent from name and Cybermancy feature conventions
creeping-fire,"Semi-abstract adversary ability/effect icon; show the action or consequence as a strong pictorial metaphor rather than a full character portrait. Blend physical, magical, organic, or technological forms as the feature demands, translated into Cybermancy's gritty techno-mystic visual language with graphite, metal, glass, smoke and selective neon/Resonance glow.","Generate the Cybermancy icon for 'Creeping Fire'. Subject: visualize spreading fire carried by an advancing foe—burning footprints, ember-trailing contact, or a smoldering limb dragging flame from one surface to the next. Emphasize a slow but dangerous spread of ignition through touch and proximity. Rule context: the adversary can only move within Very Close range as their normal movement, and they light any flammable object they touch on fire. Relevant mechanical/visual cues: fire, touch ignition, short-range movement, environmental hazard, spreading flame. Square Cybermancy tabletop RPG icon, centered composition, clean silhouette, no text, no labels, no border or frame, light grey background, readable at 64–128 px, high-fidelity semi-realistic materials, subtle vignette, restrained warm and cool accent lighting. Prioritize one immediately legible focal idea, believable materials, strong negative space, and a silhouette that remains clear when reduced. Do not include words, letters, numbers, logos, watermarks, HUD text, stat blocks, decorative borders, or multiple-panel layouts.",adversaries-features,docs/gm-facing/assets/icons/adversaries-features/creeping-fire.webp,docs/gm-facing/system/adversaries-features/creeping-fire/index.md,feature-library-v1
escape-plan,"Semi-abstract adversary ability/effect icon; show the action or consequence as a strong pictorial metaphor rather than a full character portrait. Blend physical, magical, organic, or technological forms as the feature demands, translated into Cybermancy's gritty techno-mystic visual language with graphite, metal, glass, smoke and selective neon/Resonance glow.","Generate the Cybermancy icon for 'Escape Plan'. Subject: visualize a concealed snare trap springing upward—taut cables or net lines yanking targets upside down into the air. Show a clever battlefield trap rather than a character portrait. Rule context: mark a Stress to reveal a snare trap set anywhere on the battlefield; all targets within Very Close range must succeed on an Agility Reaction Roll or be pulled off their feet and suspended upside down, becoming Restrained and Vulnerable until they break free. Relevant mechanical/visual cues: trap, restraint, control, group effect, battlefield setup, stress cost. Square Cybermancy tabletop RPG icon, centered composition, clean silhouette, no text, no labels, no border or frame, light grey background, readable at 64–128 px, high-fidelity semi-realistic materials, subtle vignette, restrained warm and cool accent lighting. Prioritize one immediately legible focal idea, believable materials, strong negative space, and a silhouette that remains clear when reduced. Do not include words, letters, numbers, logos, watermarks, HUD text, stat blocks, decorative borders, or multiple-panel layouts.",adversaries-features,docs/gm-facing/assets/icons/adversaries-features/escape-plan.webp,docs/gm-facing/system/adversaries-features/escape-plan/index.md,feature-library-v1
morbid-contact-toxin,"Cyberpunk consumable icon: a single vial, injector, dose, packet, applicator, or compact consumable object with believable materials and a clear functional silhouette.","Generate the Cybermancy icon for 'Morbid Contact Toxin'. Subject: a sinister contact toxin in a compact stealth-delivery applicator—such as a slim injector pen, micro-sprayer, or toxin vial with glove-safe applicator tip—containing oily dark fluid with sickly green-violet or bruise-purple highlights. Emphasize deadly poison, covert use, and precise application to skin or surfaces. Square Cybermancy tabletop RPG icon, centered composition, clean silhouette, no text, no labels, no border or frame, light grey background, readable at 64–128 px, high-fidelity semi-realistic materials, subtle vignette, restrained warm and cool accent lighting. Prioritize one immediately legible focal idea, believable materials, strong negative space, and a silhouette that remains clear when reduced. Do not include words, letters, numbers, logos, watermarks, HUD text, stat blocks, decorative borders, or multiple-panel layouts.",consumables,docs/player-facing/assets/icons/consumables/morbid-contact-toxin.webp,docs/player-facing/items/consumables/morbid-contact-toxin/index.md,inventory/title/category
won-t-stay-dead,"Semi-abstract adversary ability/effect icon; show the action or consequence as a strong pictorial metaphor rather than a full character portrait. Blend physical, magical, organic, or technological forms as the feature demands, translated into Cybermancy's gritty techno-mystic visual language with graphite, metal, glass, smoke and selective neon/Resonance glow.","Generate the Cybermancy icon for 'Won't Stay Dead'. Subject: visualize an adversary re-forming after death—broken remains or ash-like fragments pulling back together around a glowing core, or a collapsed body rising again with uncanny persistence. Rule context: when the adversary is defeated, there is a chance they re-form with no marked HP if other adversaries remain on the battlefield. Relevant mechanical/visual cues: resurrection, reformation, refusal to die, return from defeat. Square Cybermancy tabletop RPG icon, centered composition, clean silhouette, no text, no labels, no border or frame, light grey background, readable at 64–128 px, high-fidelity semi-realistic materials, subtle vignette, restrained warm and cool accent lighting. Prioritize one immediately legible focal idea, believable materials, strong negative space, and a silhouette that remains clear when reduced. Do not include words, letters, numbers, logos, watermarks, HUD text, stat blocks, decorative borders, or multiple-panel layouts.",adversaries-features,docs/gm-facing/assets/icons/adversaries-features/won-t-stay-dead.webp,docs/gm-facing/system/adversaries-features/won-t-stay-dead/index.md,feature-library-v1
you-pale-in-comparison,"Semi-abstract adversary ability/effect icon; show the action or consequence as a strong pictorial metaphor rather than a full character portrait. Blend physical, magical, organic, or technological forms as the feature demands, translated into Cybermancy's gritty techno-mystic visual language with graphite, metal, glass, smoke and selective neon/Resonance glow.","Generate the Cybermancy icon for 'You Pale in Comparison'. Subject: visualize an overwhelming foe dwarfing and mentally crushing a lesser opponent—such as a looming silhouette casting a draining shadow over a smaller figure whose resolve is fading. Rule context: when a PC fails a roll within Close range of the adversary, they must mark a Stress. Relevant mechanical/visual cues: intimidation, stress drain, demoralization, oppressive superiority. Square Cybermancy tabletop RPG icon, centered composition, clean silhouette, no text, no labels, no border or frame, light grey background, readable at 64–128 px, high-fidelity semi-realistic materials, subtle vignette, restrained warm and cool accent lighting. Prioritize one immediately legible focal idea, believable materials, strong negative space, and a silhouette that remains clear when reduced. Do not include words, letters, numbers, logos, watermarks, HUD text, stat blocks, decorative borders, or multiple-panel layouts.",adversaries-features,docs/gm-facing/assets/icons/adversaries-features/you-pale-in-comparison.webp,docs/gm-facing/system/adversaries-features/you-pale-in-comparison/index.md,feature-library-v1
you-re-in-my-sights,"Semi-abstract class/subclass/ICE feature icon; depict the mechanic as a clear pictorial symbol or moment, not UI text. Use cyberpunk circuitry, biomechanical detail, Resonance energy, kinetic motion, or occult geometry as appropriate.","Generate the Cybermancy icon for 'You’re in my sights'. Subject: visualize a relentless target-lock on a primary target—sharp crosshairs, optic sight overlay shapes without text, and a hunter silhouette or weapon aim tracking a marked foe that cannot easily escape. Emphasize pursuit, focus fire, staying on the target's movement, and improved attack precision. Rule context: spend 1 Hope to make an adversary within Very Close your Primary Target; if they try to leave Very Close range, you may automatically move with them, and you gain +2 to attacks and damage against that target. Relevant mechanical/visual cues: target lock, pursuit, movement matching, close-range focus, accuracy, damage boost. Square Cybermancy tabletop RPG icon, centered composition, clean silhouette, no text, no labels, no border or frame, light grey background, readable at 64–128 px, high-fidelity semi-realistic materials, subtle vignette, restrained warm and cool accent lighting. Prioritize one immediately legible focal idea, believable materials, strong negative space, and a silhouette that remains clear when reduced. Do not include words, letters, numbers, logos, watermarks, HUD text, stat blocks, decorative borders, or multiple-panel layouts.",features,docs/player-facing/assets/icons/features/you-re-in-my-sights.webp,docs/player-facing/system/features/you-re-in-my-sights/index.md | docs/player-facing/system/subclasses/mercenary/index.md,feature-library-v1
your-friends-will-fail-you,"Semi-abstract adversary ability/effect icon; show the action or consequence as a strong pictorial metaphor rather than a full character portrait. Blend physical, magical, organic, or technological forms as the feature demands, translated into Cybermancy's gritty techno-mystic visual language with graphite, metal, glass, smoke and selective neon/Resonance glow.","Generate the Cybermancy icon for 'Your Friends Will Fail You'. Subject: visualize a wave of failure or fear rippling from one broken ally to the rest of the group—such as cracking links between team silhouettes, or a collapsing support network causing surrounding figures to lose their light. Rule context: when a PC fails with Fear, the adversary may mark a Stress to cause all other PCs within Close range to lose a Hope. Relevant mechanical/visual cues: fear-triggered collapse, group debuff, hope loss, contagious failure, stress cost. Square Cybermancy tabletop RPG icon, centered composition, clean silhouette, no text, no labels, no border or frame, light grey background, readable at 64–128 px, high-fidelity semi-realistic materials, subtle vignette, restrained warm and cool accent lighting. Prioritize one immediately legible focal idea, believable materials, strong negative space, and a silhouette that remains clear when reduced. Do not include words, letters, numbers, logos, watermarks, HUD text, stat blocks, decorative borders, or multiple-panel layouts.",adversaries-features,docs/gm-facing/assets/icons/adversaries-features/your-friends-will-fail-you.webp,docs/gm-facing/system/adversaries-features/your-friends-will-fail-you/index.md,feature-library-v1
your-struggle-is-pointless,"Semi-abstract adversary ability/effect icon; show the action or consequence as a strong pictorial metaphor rather than a full character portrait. Blend physical, magical, organic, or technological forms as the feature demands, translated into Cybermancy's gritty techno-mystic visual language with graphite, metal, glass, smoke and selective neon/Resonance glow.","Generate the Cybermancy icon for 'Your Struggle is Pointless'. Subject: visualize an oppressive spiritual weight crushing hope across a wide area—dimmed lights, bowed silhouettes, or a heavy spectral force pressing down on multiple targets at once. Rule context: spend a Fear to weigh down the spirits of all PCs within Far range; affected targets replace their Hope Die with a d8 until they roll a success with Hope or take their next rest. Relevant mechanical/visual cues: despair aura, fear spend, group debuff, suppressed hope, long-range oppression. Square Cybermancy tabletop RPG icon, centered composition, clean silhouette, no text, no labels, no border or frame, light grey background, readable at 64–128 px, high-fidelity semi-realistic materials, subtle vignette, restrained warm and cool accent lighting. Prioritize one immediately legible focal idea, believable materials, strong negative space, and a silhouette that remains clear when reduced. Do not include words, letters, numbers, logos, watermarks, HUD text, stat blocks, decorative borders, or multiple-panel layouts.",adversaries-features,docs/gm-facing/assets/icons/adversaries-features/your-struggle-is-pointless.webp,docs/gm-facing/system/adversaries-features/your-struggle-is-pointless/index.md,feature-library-v1
